Gemeente,1999,2000,2001,2002,2003,2004,2005,2006,2007,2009,2011,2012,2013,2014,2015,2016,2017,2018,2019,2020,2021,2022
Aa en Hunze,0,0,0,0,0,0,0,0,0,-,0,0,0,0,0,0,0,0,0,0,0,0
Aalsmeer,0,0,0,0,0,0,0,0,0,-,0,0,0,0,0,0,0,0,0,0,0,0
Aalten,0,0,0,0,0,0,0,0,0,-,0,0,0,0,0,0,0,0,0,0,0,0
Achtkarspelen,0,0,0,0,0,0,0,0,0,-,0,0,0,0,0,0,0,0,0,0,0,0
Alblasserdam,0,0,0,0,0,0,0,0,0,-,0,0,0,0,0,0,0,0,0,0,0,0
Albrandswaard,0,0,0,0,0,0,0,0,0,-,0,0,0,0,0,0,0,0,0,0,0,0
Alkmaar,5,5,5,5,5,5,5,5,5,5,5,5,5,5,5,5,5,5,5,5,5,5
Almelo,2,2,2,2,2,2,2,2,2,2,2,2,2,2,2,2,2,2,2,2,2,2
Almere,1,1,1,1,1,1,2,3,3,3,3,3,3,3,3,3,3,3,3,3,3,3
Alphen a/d Rijn,2,1,2,2,2,2,2,2,2,2,2,2,2,2,2,2,2,2,2,2,2,2
Alphen-Chaam,0,0,0,0,0,0,0,0,0,-,0,0,0,0,0,0,0,0,0,0,0,0
Altena,0,0,0,0,0,0,0,0,0,-,0,0,0,0,0,0,0,0,0,0,0,0
Ameland,0,0,0,0,0,0,0,0,0,-,0,0,0,0,0,0,0,0,0,0,0,0
Amersfoort,9,9,9,9,9,9,7,6,6,6,4,4,4,4,4,3,3,4,7,7,7,7
Amstelveen,0,0,0,0,0,0,0,0,0,-,0,0,0,0,0,0,0,0,0,0,0,0
Amsterdam,288,283,280,270,258,249,246,238,229,225,222,208,200,187,172,173,166,168,167,166,167,167
Apeldoorn,6,5,5,5,5,5,5,5,5,5,4,3,5,5,5,5,5,5,5,5,5,5
Arnhem,16,14,14,14,13,12,13,12,11,11,11,11,11,11,11,11,11,11,10,10,10,10
Assen,2,2,2,2,2,2,2,2,1,1,1,1,1,1,1,1,1,1,1,1,1,1
Asten,0,0,0,0,0,0,0,0,0,-,0,0,0,0,0,0,0,0,0,0,0,0
Baarle-Nassau,0,0,0,0,0,0,0,0,0,-,0,0,0,0,0,0,0,0,0,0,0,0
Baarn,0,0,0,0,0,0,0,0,0,-,0,0,0,0,0,0,0,0,0,0,0,0
Barendrecht,0,0,0,0,0,0,0,0,0,-,0,0,0,0,0,0,0,0,0,0,0,0
Barneveld,0,0,0,0,0,0,0,0,0,-,0,0,0,0,0,0,0,0,0,0,0,0
Beek,0,0,0,0,0,0,0,0,0,-,0,0,0,0,0,0,0,0,0,0,0,0
Beekdaelen,0,0,0,0,0,0,0,0,0,-,0,0,0,0,0,0,0,0,0,0,0,0
Beesel,0,0,0,0,0,0,0,0,0,-,0,0,0,0,0,0,0,0,0,0,0,0
Berg en Dal,0,0,0,0,0,0,0,0,0,-,0,0,0,0,0,0,0,0,0,0,0,0
Bergeijk,0,0,0,0,0,0,0,0,0,-,0,0,0,0,0,0,0,0,0,0,0,0
Bergen (L),0,0,0,0,0,0,0,0,0,-,0,0,0,0,0,0,0,0,0,0,0,0
Bergen (NH),0,0,0,0,0,0,0,0,0,-,0,0,0,0,0,0,0,0,0,0,0,0
Bergen op Zoom,6,4,4,4,4,4,4,4,4,0,0,0,0,0,0,0,0,0,0,0,0,0
Berkelland,0,0,0,0,0,0,0,0,0,-,0,0,0,0,0,0,0,0,0,0,0,0
Bernheze,0,0,0,0,0,0,0,0,0,-,0,0,0,0,0,0,0,0,0,0,0,0
Best,0,0,0,0,0,0,0,0,0,-,0,0,0,0,0,0,0,0,0,0,0,0
Beuningen,0,0,0,0,0,0,0,0,0,-,0,0,0,0,0,0,0,0,0,0,0,0
Beverwijk,4,4,4,4,4,4,4,3,3,4,4,4,4,4,4,4,4,4,3,3,4,4
Bladel,0,0,0,0,0,0,0,0,0,-,0,0,0,0,0,0,0,0,0,0,0,0
Blaricum,0,0,0,0,0,0,0,0,0,-,0,0,0,0,0,0,0,0,0,0,0,0
Bloemendaal,0,0,0,0,0,0,0,0,0,-,0,0,0,0,0,0,0,0,0,0,0,0
Bodegraven-Reeuwijk,0,0,0,0,0,0,0,0,0,-,0,0,0,0,0,0,0,0,0,0,0,0
Boekel,0,0,0,0,0,0,0,0,0,-,0,0,0,0,0,0,0,0,0,0,0,0
Borger-Odoorn,0,0,0,0,0,0,0,0,0,-,0,0,0,0,0,0,0,0,0,0,0,0
Borne,0,0,0,0,0,0,0,0,0,-,0,0,0,0,0,0,0,0,0,0,0,0
Borsele,0,0,0,0,0,0,0,0,0,-,0,0,0,0,0,0,0,0,0,0,0,0
Boxtel,0,0,0,0,0,0,0,0,0,-,0,0,0,0,0,0,0,0,0,0,0,0
Breda,15,14,13,12,10,10,9,9,8,8,8,8,8,8,8,8,8,8,8,8,8,8
Brielle,0,0,0,0,0,0,0,0,0,-,0,0,0,0,0,0,0,0,0,0,0,0
Bronckhorst,0,0,0,0,0,0,0,0,0,-,0,0,0,0,0,0,0,0,0,0,0,0
Brummen,0,0,0,0,0,0,0,0,0,-,0,0,0,0,0,0,0,0,0,0,0,0
Brunssum,0,0,0,0,0,0,0,0,0,-,0,0,0,0,0,0,0,0,0,0,0,0
Bunnik,0,0,0,0,0,0,0,0,0,-,0,0,0,0,0,0,0,0,0,0,0,0
Bunschoten,0,0,0,0,0,0,0,0,0,-,0,0,0,0,0,0,0,0,0,0,0,0
Buren,0,0,0,0,0,0,0,0,0,-,0,0,0,0,0,0,0,0,0,0,0,0
Capelle a/d IJssel,0,0,0,0,0,0,0,0,0,-,0,0,0,0,0,0,0,0,0,0,0,0
Castricum,0,0,0,0,0,0,0,0,0,-,0,0,0,0,0,0,0,0,0,0,0,0
Coevorden,1,1,1,1,1,1,1,1,1,1,1,1,1,1,1,1,1,1,1,1,1,1
Cranendonck,0,0,0,0,0,0,0,0,0,-,0,0,0,0,0,0,0,0,0,0,0,0
Culemborg,3,3,3,3,3,3,3,3,3,3,3,2,2,2,2,2,2,2,2,2,2,2
Dalfsen,0,0,0,0,0,0,0,0,0,-,0,0,0,0,0,0,0,0,0,0,0,0
Dantumadiel,0,0,0,0,0,0,0,0,0,-,0,0,0,0,0,0,0,0,0,0,0,0
De Bilt,1,1,1,1,1,1,1,1,1,1,1,1,1,1,1,1,1,1,1,1,1,1
De Fryske Marren,0,0,0,0,0,0,0,0,0,-,0,0,0,0,0,0,0,0,0,0,0,0
De Ronde Venen,0,1,1,1,0,0,0,0,1,1,1,1,1,1,1,1,1,1,1,1,1,1
De Wolden,0,0,0,0,0,0,0,0,0,-,0,0,0,0,0,0,0,0,0,0,0,0
Delft,6,6,6,6,6,5,5,5,5,5,5,5,4,4,4,4,4,4,4,4,4,4
Den Haag,70,62,55,46,41,40,40,40,40,40,40,37,36,36,36,36,36,36,36,36,36,36
Den Helder,4,4,4,4,4,4,4,4,4,3,3,3,3,3,3,3,3,3,3,3,3,3
Deurne,0,0,0,0,0,0,0,0,0,-,0,0,0,0,0,0,0,0,0,0,0,0
Deventer,6,6,6,5,5,5,5,5,5,5,5,5,4,4,4,4,4,3,4,4,4,4
Diemen,0,0,0,0,0,0,0,0,0,-,0,0,0,0,0,0,0,0,0,0,0,0
Dijk en Waard (1),1,1,1,1,1,1,1,1,1,1,1,1,1,1,1,1,1,1,1,1,1,1
Dinkelland,0,0,0,0,0,0,0,0,0,-,0,0,0,0,0,0,0,0,0,0,0,0
Doesburg,0,0,0,0,0,0,0,0,0,-,0,0,0,0,0,0,0,0,0,0,0,0
Doetinchem,2,1,2,1,2,2,2,2,3,3,1,1,2,2,2,2,1,1,1,1,1,1
Dongen,0,0,0,0,0,0,0,0,0,-,0,0,0,0,0,0,0,0,0,0,0,0
Dordrecht,8,8,8,8,8,8,8,8,8,8,6,8,5,5,6,5,5,5,5,5,5,5
Drechterland,0,0,0,0,0,0,0,0,0,-,0,0,0,0,0,0,0,0,0,0,0,0
Drimmelen,0,0,0,0,0,0,0,0,0,-,0,0,0,0,0,0,0,0,0,0,0,0
Dronten,0,0,0,0,0,0,0,0,0,-,0,0,0,0,0,0,0,0,0,0,0,0
Druten,0,0,0,0,0,0,0,0,0,-,0,0,0,0,0,0,0,0,0,0,0,0
Duiven,0,0,0,0,0,0,0,0,0,-,0,0,0,0,0,0,0,0,0,0,0,0
Echt-Susteren,0,0,0,0,0,0,0,0,0,-,0,0,0,0,0,0,0,0,0,0,0,0
Edam-Volendam,0,0,0,0,0,0,0,0,0,-,0,0,0,0,0,0,0,0,0,0,0,0
Ede,4,4,4,4,4,4,4,4,4,4,3,3,3,3,2,2,2,2,2,2,2,2
Eemnes,0,0,0,0,0,0,0,0,0,-,0,0,0,0,0,0,0,0,0,0,0,0
Eemsdelta (2),1,1,1,1,1,1,1,1,1,1,1,1,1,1,1,1,1,1,1,1,1,1
Eersel,0,0,0,0,0,0,0,0,0,-,0,0,0,0,0,0,0,0,0,0,0,0
Eijsden-Margraten,0,0,0,0,0,0,0,0,0,-,0,0,0,0,0,0,0,0,0,0,0,0
Eindhoven,16,16,16,15,15,15,15,15,15,15,15,15,13,13,13,13,13,13,12,12,12,12
Elburg,0,0,0,0,0,0,0,0,0,-,0,0,0,0,0,0,0,0,0,0,0,0
Emmen,4,4,4,4,3,3,2,2,2,2,2,2,2,2,2,2,2,2,2,2,2,2
Enkhuizen,1,1,1,1,1,1,1,1,1,1,1,1,1,1,1,1,1,1,1,1,1,1
Enschede,17,16,14,13,12,12,11,11,10,10,10,10,10,10,10,10,10,10,10,10,10,10
Epe,0,0,0,0,0,0,0,0,0,-,0,0,0,0,0,0,0,0,0,0,0,0
Ermelo,0,0,0,0,0,0,0,0,0,-,0,0,0,0,0,0,0,0,0,0,0,0
Etten-Leur,1,1,1,1,1,1,1,1,1,1,1,1,1,1,1,1,1,1,1,1,1,1
Geertruiden-berg,0,0,0,0,0,0,0,0,0,-,0,0,0,0,0,0,0,0,0,0,0,0
Geldrop-Mierlo,0,0,0,0,0,0,0,0,0,-,0,0,0,0,0,0,0,0,0,0,0,0
Gemert-Bakel,0,0,0,0,0,0,0,0,0,-,0,0,0,0,0,0,0,0,0,0,0,0
Gennep,0,0,0,0,0,0,0,0,0,-,0,0,0,0,0,0,0,0,0,0,0,0
Gilze en Rijen,0,0,0,0,0,0,0,0,0,-,0,0,0,0,0,0,0,0,0,0,0,0
Goeree-Overflakkee,0,0,0,0,0,0,0,0,0,-,0,0,0,0,0,0,0,0,0,0,0,0
Goes,4,4,2,2,2,2,2,2,2,2,2,2,2,2,2,2,2,2,2,2,2,2
Goirle,0,0,0,0,0,0,0,0,0,-,0,0,0,0,0,0,0,0,0,0,0,0
Gooise Meren,1,1,1,1,1,1,1,1,1,1,1,1,1,1,1,1,1,1,1,1,1,1
Gorinchem,3,3,3,3,3,3,3,3,3,3,3,3,3,3,3,3,3,3,3,3,3,3
Gouda,5,5,5,5,5,5,5,5,5,5,5,5,5,5,5,4,4,4,4,4,4,4
Groningen,14,13,13,13,14,14,14,14,14,14,14,12,12,13,12,11,12,12,12,12,12,12
Gulpen-Wittem,0,0,0,0,0,0,0,0,0,-,0,0,0,0,0,0,0,0,0,0,0,0
Haaksbergen,0,0,0,0,0,0,0,0,0,-,0,0,0,0,0,0,0,0,0,0,0,0
Haarlem,15,16,16,16,16,16,16,16,16,16,16,16,16,16,16,16,16,16,16,16,16,16
Haarlemmermeer,0,0,1,1,1,1,1,1,1,1,1,1,1,1,2,2,2,2,2,2,2,2
Halderberge,0,0,0,0,0,0,0,0,0,-,0,0,0,0,0,0,0,0,0,0,0,0
Hardenberg,1,1,1,1,1,1,1,1,1,1,1,1,1,1,1,1,1,1,1,1,1,1
Harderwijk,1,1,2,2,2,1,1,1,1,1,1,1,1,1,1,1,1,1,1,1,1,1
Hardinxveld-Giessendam,0,0,0,0,0,0,0,0,0,-,0,0,0,0,0,0,0,0,0,0,0,0
Harlingen,1,1,1,1,2,2,2,2,2,2,2,2,2,2,2,2,2,2,2,2,2,2
Hattem,0,0,0,0,0,0,0,0,0,-,0,0,0,0,0,0,0,0,0,0,0,0
Heemskerk,0,0,0,0,0,0,0,0,0,-,0,0,0,0,0,0,0,0,0,0,0,0
Heemstede,0,0,0,0,0,0,0,0,0,-,0,0,0,0,0,0,0,0,0,0,0,0
Heerde,0,0,0,0,0,0,0,0,0,-,0,0,0,0,0,0,0,0,0,0,0,0
Heerenveen,5,5,5,5,5,5,5,5,4,4,3,3,3,3,3,3,3,3,3,3,3,3
Heerlen,5,5,5,5,3,3,3,3,3,3,3,3,3,3,3,3,3,3,3,2,2,2
Heeze-Leende,0,0,0,0,0,0,0,0,0,-,0,0,0,0,0,0,0,0,0,0,0,0
Heilo,0,0,0,0,0,0,0,0,0,-,0,0,0,0,0,0,0,0,0,0,0,0
Hellendoorn,0,0,0,0,0,0,0,0,0,-,0,0,0,0,0,0,0,0,0,0,0,0
Hellevoetssluis,1,1,1,1,1,1,1,1,1,1,1,1,1,1,1,1,1,1,1,1,1,1
Helmond,1,1,1,1,1,1,1,1,1,1,1,1,1,1,1,1,1,1,1,1,1,1
Hendrik-Ido-Ambacht,0,0,0,0,0,0,0,0,0,-,0,0,0,0,0,0,0,0,0,0,0,0
Hengelo,4,4,4,4,4,4,3,4,3,3,3,3,3,3,3,3,3,3,3,3,3,3
Het Hogeland,0,0,0,0,0,0,0,0,0,-,0,0,0,0,0,0,0,0,0,0,0,0
Heumen,0,0,0,0,0,0,0,0,0,-,0,0,0,0,0,0,0,0,0,0,0,0
Heusden,0,0,0,0,0,0,0,0,0,-,0,0,0,0,0,0,0,0,0,0,0,0
Hillegom,0,0,0,0,0,0,0,0,0,-,0,0,0,0,0,0,0,0,0,0,0,0
Hilvarenbeek,0,0,0,0,0,0,0,0,0,-,0,0,0,0,0,0,0,0,0,0,0,0
Hilversum,9,9,9,9,9,9,9,9,9,9,9,9,8,8,8,8,8,8,8,8,8,8
Hoeksche Waard,2,0,0,0,0,0,0,0,0,-,0,0,0,0,0,0,0,0,0,0,0,0
Hof van Twente,0,0,0,0,0,0,0,0,0,-,0,0,0,0,0,0,0,0,0,0,0,0
Hollands Kroon,0,0,0,0,0,0,0,0,0,-,0,0,0,0,0,0,0,0,0,0,0,0
Hoogeveen,0,0,0,0,0,0,0,0,0,-,0,0,0,0,0,0,0,0,0,0,0,0
Hoorn,3,3,3,3,3,3,2,2,2,2,2,2,2,2,2,2,2,2,2,2,2,2
Horst aan de Maas,0,0,0,0,0,0,0,0,0,-,0,0,0,0,0,0,0,0,0,0,0,0
Houten,0,0,0,0,0,0,0,0,0,-,0,0,0,0,0,0,0,0,0,0,0,0
Huizen,0,0,0,0,0,0,0,0,0,-,0,0,0,0,0,0,0,0,0,0,0,0
Hulst,0,0,0,0,0,0,0,0,0,-,0,0,0,0,0,0,0,0,0,0,0,0
IJsselstein,0,0,0,0,0,0,0,0,0,-,0,0,0,0,0,0,0,0,0,0,0,0
Kaag en Braassem,0,0,0,0,0,0,0,0,0,-,0,0,0,0,0,0,0,0,0,0,0,0
Kampen,0,0,0,0,0,0,0,0,0,0,1,1,1,1,1,1,1,1,1,1,1,1
Kapelle,0,0,0,0,0,0,0,0,0,-,0,0,0,0,0,0,0,0,0,0,0,0
Katwijk,0,0,0,0,0,0,0,0,0,-,0,0,0,0,0,0,0,0,0,0,0,0
Kerkrade,1,1,3,3,3,3,2,2,2,2,2,2,2,2,2,2,2,2,2,2,2,2
Koggenland,0,0,0,0,0,0,0,0,0,-,0,0,0,0,0,0,0,0,0,0,0,0
Krimpen a/d IJssel,0,0,0,0,0,0,0,0,0,-,0,0,0,0,0,0,0,0,0,0,0,0
Krimpenerwaard,0,0,0,0,0,0,0,0,0,-,0,0,0,0,0,0,0,0,0,0,0,0
Laarbeek,0,0,0,0,0,0,0,0,0,-,0,0,0,0,0,0,0,0,0,0,0,0
Land van Cuijk (3),0,0,0,0,0,0,0,0,0,-,0,0,0,0,0,0,0,0,0,0,0,0
Landgraaf,0,0,0,0,0,0,0,0,0,-,0,0,0,0,0,0,0,0,0,0,0,0
Landsmeer,1,1,1,1,1,0,0,0,0,-,0,0,0,0,0,0,0,0,0,0,0,0
Lansingerland,0,0,0,0,0,0,0,0,0,-,0,0,0,0,0,0,0,0,0,0,0,0
Laren,0,0,0,0,0,0,0,0,0,-,0,0,0,0,0,0,0,0,0,0,0,0
Leeuwarden,15,14,14,13,13,12,12,12,13,13,13,12,12,12,12,12,13,13,12,12,12,12
Leiden,12,10,11,12,12,12,12,12,12,12,11,11,10,10,10,11,11,11,11,11,11,11
Leiderdorp,0,0,0,0,0,0,0,0,0,-,0,0,0,0,0,0,0,0,0,0,0,0
Leidschendam-Voorburg,0,0,0,0,0,0,0,0,0,-,0,0,0,0,0,0,0,0,0,0,0,0
Lelystad,0,0,0,0,1,0,0,0,0,0,1,1,1,1,1,1,1,1,1,1,1,1
Leudal,0,0,0,0,0,0,0,0,0,-,0,0,0,0,0,0,0,0,0,0,0,0
Leusden,0,0,0,0,0,0,0,0,0,-,0,0,0,0,0,0,0,0,0,0,0,0
Lingewaard,0,0,0,0,0,0,0,0,0,-,0,0,0,0,0,0,0,0,0,0,0,0
Lisse,1,1,1,1,1,1,1,1,1,1,1,1,1,1,1,1,1,1,1,1,1,1
Lochem,0,0,0,0,0,0,0,0,0,-,0,0,0,0,0,0,0,0,0,0,0,0
Loon op Zand,0,0,0,0,0,0,0,0,0,-,0,0,0,0,0,0,0,0,0,0,0,0
Lopik,0,0,0,0,0,0,0,0,0,-,0,0,0,0,0,0,0,0,0,0,0,0
Losser,0,0,0,0,0,0,0,0,0,-,0,0,0,0,0,0,0,0,0,0,0,0
Maasdriel,0,0,0,0,0,0,0,0,0,-,0,0,0,0,0,0,0,0,0,0,0,0
Maasgouw,0,0,0,0,0,0,0,0,0,-,0,0,0,0,0,0,0,0,0,0,0,0
Maashorst (4),1,1,1,1,1,1,1,1,1,1,1,1,1,1,1,1,1,1,1,1,1,1
Maassluis,1,1,1,1,1,1,1,1,1,1,1,1,1,1,1,1,1,1,1,1,1,1
Maastricht,19,19,19,18,17,16,16,15,14,14,14,14,14,14,14,14,14,14,14,14,14,14
Medemblik,0,0,0,0,0,0,0,0,0,-,0,0,0,0,0,0,0,0,0,0,0,0
Meerssen,0,0,0,0,0,0,0,0,0,-,0,0,0,0,0,0,0,0,0,0,0,0
Meierijstad,0,0,0,0,0,0,0,0,0,-,0,0,0,0,0,0,0,0,0,0,0,0
Meppel,3,3,3,2,2,2,2,2,2,2,2,2,2,2,2,2,2,2,2,2,2,2
Middelburg,4,4,4,4,3,3,2,2,2,0,0,0,0,0,0,0,0,0,0,0,0,0
Midden-Delfland,0,0,0,0,0,0,0,0,0,-,0,0,0,0,0,0,0,0,0,0,0,0
Midden-Drenthe,0,0,0,0,0,0,0,0,0,-,0,0,0,0,0,0,0,0,0,0,0,0
Midden-Groningen,2,2,2,2,2,2,2,2,2,2,2,2,2,2,2,2,2,2,2,2,2,2
Moerdijk,0,0,0,0,0,0,0,0,0,-,0,0,0,0,0,0,0,0,0,0,0,0
Molenlanden,0,0,0,0,0,0,0,0,0,-,0,0,0,0,0,0,0,0,0,0,0,0
Montferland,0,0,0,0,0,0,0,0,0,-,0,0,0,0,0,0,0,0,0,0,0,0
Montfoort,0,0,0,0,0,0,0,0,0,-,0,0,0,0,0,0,0,0,0,0,0,0
Mook en Middelaar,0,0,0,0,0,0,0,0,0,-,0,0,0,0,0,0,0,0,0,0,0,0
Neder Betuwe,0,0,0,0,0,0,0,0,0,-,0,0,0,0,0,0,0,0,0,0,0,0
Nederweert,0,0,0,0,0,0,0,0,0,-,0,0,0,0,0,0,0,0,0,0,0,0
Nieuwegein,0,0,0,0,0,0,1,1,1,1,1,0,0,0,0,0,0,0,0,0,0,0
Nieuwkoop,0,0,0,0,0,0,0,0,0,-,0,0,0,0,0,0,0,0,0,0,0,0
Nijkerk,0,0,0,0,0,0,0,0,0,-,0,0,0,0,0,0,0,0,0,0,0,0
Nijmegen,16,16,16,16,15,15,15,15,15,14,14,14,14,14,14,13,13,13,13,13,12,12
Nissewaard,0,0,0,0,0,0,0,0,0,-,0,0,0,0,0,0,0,0,0,0,0,0
Noardeast-Fryslân,0,0,0,0,0,0,0,0,0,-,0,0,0,0,0,0,0,0,0,0,0,0
Noord-Beveland,0,0,0,0,0,0,0,0,0,-,0,0,0,0,0,0,0,0,0,0,0,0
Noordenveld,0,0,0,0,0,0,0,0,0,-,0,0,0,0,0,0,0,0,0,0,0,0
Noordoost-polder,0,0,0,0,0,0,0,0,0,-,0,0,0,0,0,0,0,0,0,0,0,0
Noordwijk,0,0,0,0,0,0,0,0,0,-,0,0,0,0,0,0,0,0,0,0,0,0
Nuenen c.a.,0,0,0,0,0,0,0,0,0,-,0,0,0,0,0,0,0,0,0,0,0,0
Nunspeet,0,0,0,0,0,0,0,0,0,-,0,0,0,0,0,0,0,0,0,0,0,0
Oestgeest,0,0,0,0,0,0,0,0,0,-,0,0,0,0,0,0,0,0,0,0,0,0
Oirschot,0,0,0,0,0,0,0,0,0,-,0,0,0,0,0,0,0,0,0,0,0,0
Oisterwijk,0,0,0,0,0,0,0,0,0,-,0,0,0,0,0,0,0,0,0,0,0,0
Oldambt,2,3,2,3,2,2,2,2,2,2,2,2,2,2,2,2,2,2,2,2,2,2
Oldebroek,0,0,0,0,0,0,0,0,0,-,0,0,0,0,0,0,0,0,0,0,0,0
Oldenzaal,0,0,0,0,0,0,0,0,0,-,0,0,0,0,0,0,0,0,0,0,0,0
Olst-Wijhe,0,0,0,0,0,0,0,0,0,-,0,0,0,0,0,0,0,0,0,0,0,0
Ommen,0,0,0,0,0,0,0,0,0,-,0,0,0,0,0,0,0,0,0,0,0,0
Oost-Gelre,0,0,0,0,0,0,0,0,0,-,0,0,0,0,0,0,0,0,0,0,0,0
Oosterhout,0,0,0,0,0,0,0,0,0,-,0,0,0,0,0,0,0,0,0,0,0,0
Ooststellingwerf,0,0,0,0,0,0,0,0,0,-,0,0,0,0,0,0,0,0,0,0,0,0
Oostzaan,0,0,0,0,0,0,0,0,0,-,0,0,0,0,0,0,0,0,0,0,0,0
Opmeer,0,0,0,0,0,0,0,0,0,-,0,0,0,0,0,0,0,0,0,0,0,0
Opsterland,0,0,0,0,0,0,0,0,0,-,0,0,0,0,0,0,0,0,0,0,0,0
Oss,2,1,1,1,1,1,1,1,1,1,1,1,1,1,1,1,1,1,1,1,1,1
Oude IJsselstreek,2,2,2,2,2,2,2,2,2,1,1,1,1,1,1,1,1,1,1,1,1,1
Ouder-Amstel,0,0,0,0,0,0,0,0,0,-,0,0,0,0,0,0,0,0,0,0,0,0
Oudewater,0,0,0,0,0,0,0,0,0,-,0,0,0,0,0,0,0,0,0,0,0,0
Overbetuwe,0,0,0,0,0,0,0,0,0,-,0,0,0,0,0,0,0,0,0,0,0,0
Papendrecht,0,0,0,0,0,0,0,0,0,-,0,0,0,0,0,0,0,0,0,0,0,0
Peel en Maas,0,0,0,0,0,0,0,0,0,-,0,0,0,0,0,0,0,0,0,0,0,0
Pekela,0,0,0,0,0,0,0,0,0,-,0,0,0,0,0,0,0,0,0,0,0,0
Pijnacker-Nootdorp,0,0,0,0,0,0,0,0,0,-,0,0,0,0,0,0,0,0,0,0,0,0
Purmerend (5),2,2,2,2,2,2,2,2,2,2,2,2,2,2,2,2,2,2,2,2,2,2
Putten,0,0,0,0,0,0,0,0,0,-,0,0,0,0,0,0,0,0,0,0,0,0
Raalte,0,0,0,0,0,0,0,0,0,-,0,0,0,0,0,0,0,0,0,0,0,0
Reimerswaal,0,0,0,0,0,0,0,0,0,-,0,0,0,0,0,0,0,0,0,0,0,0
Renkum,0,0,0,0,0,0,0,0,0,-,0,0,0,0,0,0,0,0,0,0,0,0
Renswoude,0,0,0,0,0,0,0,0,0,-,0,0,0,0,0,0,0,0,0,0,0,0
Reusel-De Mierden,0,0,0,0,0,0,0,0,0,-,0,0,0,0,0,0,0,0,0,0,0,0
Rheden,0,0,0,0,0,0,0,0,0,-,0,0,0,0,0,0,0,0,0,0,0,0
Rhenen,1,1,1,1,1,1,1,1,1,1,1,1,1,1,1,1,1,1,1,1,1,1
Ridderkerk,0,0,0,0,0,0,0,0,0,-,0,0,0,0,0,0,0,0,0,0,0,0
Rijssen-Holten,0,0,0,0,0,0,0,0,0,-,0,0,0,0,0,0,0,0,0,0,0,0
Rijswijk,0,0,0,0,0,0,0,0,0,-,0,0,0,0,0,0,0,0,0,0,0,0
Roerdalen,0,0,0,0,0,0,0,0,0,-,0,0,0,0,0,0,0,0,0,0,0,0
Roermond,2,2,2,2,2,2,2,2,2,2,2,2,2,2,2,2,2,2,2,2,2,2
Roosendaal,4,4,4,4,4,4,4,4,4,0,0,0,0,0,0,0,0,0,0,0,0,0
Rotterdam,65,63,61,62,62,62,62,62,62,44,43,41,41,40,40,40,37,38,39,39,39,39
Rozendaal,0,0,0,0,0,0,0,0,0,-,0,0,0,0,0,0,0,0,0,0,0,0
Rucphen,0,0,0,0,0,0,0,0,0,-,0,0,0,0,0,0,0,0,0,0,0,0
s-Hertogenbosch,6,6,6,6,6,6,6,6,6,6,6,5,5,4,5,5,5,5,5,5,5,5
Schagen,1,1,1,1,1,1,1,1,1,1,1,1,1,1,1,1,1,1,1,1,1,1
Scherpenzeel,0,0,0,0,0,0,0,0,0,-,0,0,0,0,0,0,0,0,0,0,0,0
Schiedam,5,4,4,4,4,4,4,4,4,4,4,3,4,4,4,4,3,3,3,3,4,4
Schiermonnikoog,0,0,0,0,0,0,0,0,0,-,0,0,0,0,0,0,0,0,0,0,0,0
Schouwen-Duiveland,0,0,0,0,0,0,0,0,0,-,0,0,0,0,0,0,0,0,0,0,0,0
Simpelveld,0,0,0,0,0,0,0,0,0,-,0,0,0,0,0,0,0,0,0,0,0,0
Sint-Michielsgestel,0,0,0,0,0,0,0,0,0,-,0,0,0,0,0,0,0,0,0,0,0,0
Sittard-Geleen,4,4,4,4,4,4,4,4,4,4,4,4,4,4,4,4,4,4,4,4,4,4
Sliedrecht,1,1,1,1,1,1,1,1,1,-,1,1,1,1,1,1,1,1,1,1,1,1
Sluis,0,0,0,0,0,0,0,0,0,-,0,0,0,0,0,0,0,0,0,0,0,0
Smallingerland,2,2,2,2,2,2,2,2,2,2,2,2,2,2,2,2,2,2,2,2,2,2
Soest,1,1,1,1,1,1,1,1,1,1,1,1,1,1,1,1,1,1,1,1,1,1
Someren,0,0,0,0,0,0,0,0,0,-,0,0,0,0,0,0,0,0,0,0,0,0
Son en Breugel,0,0,0,0,0,0,0,0,0,-,0,0,0,0,0,0,0,0,0,0,0,0
Stadskanaal,3,3,3,1,1,1,1,1,1,1,1,1,1,1,1,1,1,1,1,1,1,1
Staphorst,0,0,0,0,0,0,0,0,0,-,0,0,0,0,0,0,0,0,0,0,0,0
Stede Broec,0,0,0,0,0,0,0,0,0,-,0,0,0,0,0,0,0,0,0,0,0,0
Steenbergen,0,0,0,0,0,0,0,0,0,-,0,0,0,0,0,0,0,0,0,0,0,0
Steenwijkerland,1,1,1,1,1,1,1,1,1,1,1,1,1,1,1,1,1,1,1,1,1,1
Stein,0,0,0,0,0,0,0,0,0,-,0,0,0,0,0,0,0,0,0,0,0,0
Stichtse Vecht,1,0,0,0,0,0,0,0,0,-,0,0,0,0,0,0,0,0,0,0,0,0
Súdwest-Fryslân,1,2,2,2,2,2,2,2,2,2,2,2,2,2,2,2,2,2,2,2,2,2
Terneuzen,2,2,2,2,2,2,2,2,2,1,1,1,1,1,1,1,1,1,1,1,1,1
Terschelling,0,0,0,0,0,0,0,0,0,-,0,0,0,0,0,0,0,0,0,0,0,0
Texel,0,0,0,0,0,0,0,0,0,-,0,0,0,0,0,0,0,0,0,0,0,0
Teylingen,0,0,0,0,0,0,0,0,0,-,0,0,0,0,0,0,0,0,0,0,0,0
Tholen,0,0,0,0,0,0,0,0,0,-,0,0,0,0,0,0,0,0,0,0,0,0
Tiel,4,4,4,4,4,4,4,4,4,4,4,4,4,4,4,4,4,4,4,4,4,4
Tilburg,13,13,13,13,13,13,13,13,13,13,10,11,11,11,11,11,11,11,11,11,11,11
Tubbergen,0,0,0,0,0,0,0,0,0,-,0,0,0,0,0,0,0,0,0,0,0,0
Twenterand,0,0,0,0,0,0,0,0,0,-,0,0,0,0,0,0,0,0,0,0,0,0
Tynaarlo,1,1,1,1,1,1,1,1,1,1,1,1,1,1,1,1,1,1,1,1,1,1
Tytsjerksteradiel,0,0,0,0,0,0,0,0,0,-,0,0,0,0,0,0,0,0,0,0,0,0
Uitgeest,0,0,0,0,0,0,0,0,0,-,0,0,0,0,0,0,0,0,0,0,0,0
Uithoorn,0,0,0,0,0,0,0,0,0,-,0,0,0,0,0,0,0,0,0,0,0,0
Urk,0,0,0,0,0,0,0,0,0,-,0,0,0,0,0,0,0,0,0,0,0,0
Utrecht,20,18,17,18,18,17,17,17,14,14,14,11,11,10,10,10,11,11,11,11,11,11
Utrechtse Heuvelrug,1,1,1,1,1,1,1,1,1,1,1,1,1,1,1,1,1,1,1,1,1,1
Vaals,0,0,0,0,0,0,0,0,0,-,0,0,0,0,0,0,0,0,0,0,0,0
Valkenburg a/d Geul,0,0,0,0,0,0,0,0,0,-,0,0,0,0,0,0,0,0,0,0,0,0
Valkenswaard,0,0,0,0,0,0,0,0,0,-,0,0,0,0,0,0,0,0,0,0,0,0
Veendam,2,2,2,2,2,2,2,2,2,2,2,2,2,2,2,2,2,2,2,2,2,2
Veenendaal,3,3,3,3,3,3,3,3,3,3,3,3,2,2,2,2,2,2,2,2,2,2
Veere,0,0,0,0,0,0,0,0,0,-,0,0,0,0,0,0,0,0,0,0,0,0
Veldhoven,0,0,0,0,0,0,0,0,0,-,0,0,0,0,0,0,0,0,0,0,0,0
Velsen,2,2,2,2,2,2,2,2,2,2,1,2,2,2,2,2,2,2,2,2,2,2
Venlo,5,5,5,5,5,5,5,5,5,5,5,3,3,3,3,3,3,3,3,3,3,3
Venray,0,2,2,2,2,2,2,2,2,2,2,2,2,2,2,2,2,2,2,2,2,2
Vijfheerenlande,2,2,2,2,2,2,2,2,2,1,2,2,2,2,2,1,1,1,1,1,1,1
Vlaardingen,3,3,3,3,3,3,3,3,3,3,3,3,3,3,3,3,3,2,2,3,3,3
Vlieland,0,0,0,0,0,0,0,0,0,-,0,0,0,0,0,0,0,0,0,0,0,0
Vlissingen,3,3,3,3,3,3,3,3,3,3,3,2,2,2,2,2,2,2,2,2,2,2
Voerendaal,0,0,0,0,0,0,0,0,0,-,0,0,0,0,0,0,0,0,0,0,0,0
Voorschoten,0,0,0,0,0,0,0,0,0,-,0,0,0,0,0,0,0,0,0,0,0,0
Voorst,0,0,0,0,0,0,0,0,0,-,0,0,0,0,0,0,0,0,0,0,0,0
Vught,0,0,0,0,0,0,0,0,0,-,0,0,0,0,0,0,0,0,0,0,0,0
Waadhoeke,0,0,0,1,0,0,0,0,0,-,0,0,0,0,0,0,0,0,0,0,0,0
Waalre,0,0,0,0,0,0,0,0,0,-,0,0,0,0,0,0,0,0,0,0,0,0
Waalwijk,2,2,2,2,2,2,2,2,2,2,2,2,2,2,2,2,2,2,2,2,1,1
Waddinxveen,0,0,0,0,0,0,0,0,0,-,0,0,0,0,0,0,0,0,0,0,0,0
Wageningen,3,3,3,3,3,3,3,3,3,3,3,3,3,3,3,3,3,3,3,3,3,3
Wassenaar,0,0,0,0,0,0,0,0,0,-,0,0,0,0,0,0,0,0,0,0,0,0
Waterland,0,0,0,0,0,0,0,0,0,-,0,0,0,0,0,0,0,0,0,0,0,0
Weert,2,2,2,2,2,2,2,2,2,2,2,2,2,2,2,2,2,2,2,2,2,2
West Maas en Waal,0,0,0,0,0,0,0,0,0,-,0,0,0,0,0,0,0,0,0,0,0,0
West-Betuwe,0,0,0,0,0,0,0,0,0,-,0,0,0,0,0,0,0,0,0,0,0,0
Westerkwartier,0,0,0,0,0,0,0,0,0,-,0,0,0,0,0,0,0,0,0,0,0,0
Westerveld,0,0,0,0,0,0,0,0,0,-,0,0,0,0,0,0,0,0,0,0,0,0
Westervoort,0,0,0,0,0,0,0,0,0,-,0,0,0,0,0,0,0,0,0,0,0,0
Westerwolde,0,0,0,0,0,0,0,0,0,-,0,0,0,0,0,0,0,0,0,0,0,0
Westland,0,0,0,0,0,0,0,0,0,-,0,0,0,0,0,0,0,0,0,0,0,0
Weststellingwerf,1,1,1,1,1,1,1,1,1,1,1,1,1,1,1,1,1,1,1,1,1,1
Westvoorne,0,0,0,0,0,0,0,0,0,-,0,0,0,0,0,0,0,0,0,0,0,0
Wierden,0,0,0,0,0,0,0,0,0,-,0,0,0,0,0,0,0,0,0,0,0,0
Wijchem,0,0,0,0,0,0,0,0,0,-,0,0,0,0,0,0,0,0,0,0,0,0
Wijdemeren,0,0,0,0,0,0,0,0,0,-,0,0,0,0,0,0,0,0,0,0,0,0
Wijk bij Duurstede,0,0,0,0,0,0,0,0,0,-,0,0,0,0,0,0,0,0,0,0,0,0
Winterswijk,1,1,1,1,1,1,1,1,1,1,1,1,1,1,1,1,1,1,1,1,1,1
Woensdrecht,0,0,0,0,0,0,0,0,0,-,0,0,0,0,0,0,0,0,0,0,0,0
Woerden,0,0,1,1,1,1,1,1,1,1,1,1,1,1,1,1,1,1,1,1,1,1
Wormerland,0,0,0,0,0,0,0,0,0,-,0,0,0,0,0,0,0,0,0,0,0,0
Woudenberg,0,0,0,0,0,0,0,0,0,-,0,0,0,0,0,0,0,0,0,0,0,0
Zaanstad,3,3,3,3,3,3,3,3,3,3,3,3,3,3,3,3,3,3,2,2,2,2
Zaltbommel,0,0,0,0,0,0,0,0,0,-,0,0,0,0,0,0,0,0,0,0,0,0
Zandvoort,2,2,2,2,2,2,2,2,2,2,2,2,2,2,2,2,2,2,2,2,2,2
Zeewolde,0,0,0,0,0,0,0,0,0,-,0,0,0,0,0,0,0,0,0,0,0,0
Zeist,1,1,1,1,1,1,1,1,1,1,1,1,1,1,1,1,1,1,1,1,1,1
Zevenaar,0,0,0,0,0,0,0,0,0,-,0,0,0,0,0,0,0,0,0,0,0,0
Zoetermeer,1,1,1,1,1,1,1,1,1,1,1,1,1,1,1,1,1,1,1,1,1,1
Zoeterwoude,0,0,0,0,0,0,0,0,0,-,0,0,0,0,0,0,0,0,0,0,0,0
Zuidplas,0,0,0,0,0,0,0,0,0,-,0,0,0,0,0,0,0,0,0,0,0,0
Zundert,0,0,0,0,0,0,0,0,0,-,0,0,0,0,0,0,0,0,0,0,0,0
Zutphen,3,3,3,3,3,3,3,3,3,3,3,3,3,3,3,3,3,3,3,3,3,3
Zwartewaterland,0,0,0,0,0,0,0,0,0,-,0,0,0,0,0,0,0,0,0,0,0,0
Zwijndrecht,0,0,0,1,1,1,1,1,1,1,1,1,1,1,1,1,1,1,0,0,0,1
Zwolle,4,5,5,5,5,5,5,5,4,5,5,5,4,4,4,4,4,5,4,5,4,4
